,domain,metrics,0_transfer_consis
0,Source,Accuracy,0.8324432065009072
1,Source,AUC,0.8264892135342808
2,Source,TE,0.1838480830192566
3,Source,CFD,0.22459305445531905
4,Source,CLP,0.06453396379947662
5,Target,Accuracy,0.7786647048004414
6,Target,AUC,0.7706219212601332
7,Target,TE,0.17526866495609283
8,Target,CFD,0.2221077800257495
9,Target,CLP,0.05817863345146179
